<?xml version="1.0" encoding="ISO-8859-1" standalone="no"?><?xml-stylesheet type="text/xsl" href="notacredito2.1.xsl"?><CreditNote xmlns="urn:oasis:names:specification:ubl:schema:xsd:CreditNote-2" xmlns:cac="urn:oasis:names:specification:ubl:schema:xsd:CommonAggregateComponents-2" xmlns:cbc="urn:oasis:names:specification:ubl:schema:xsd:CommonBasicComponents-2" xmlns:ccts="urn:oasis:names:specification:ubl:schema:xsd:CoreComponentParameters-2" xmlns:ds="http://www.w3.org/2000/09/xmldsig#" xmlns:ext="urn:oasis:names:specification:ubl:schema:xsd:CommonExtensionComponents-2" xmlns:qdt="urn:oasis:names:specification:ubl:schema:xsd:QualifiedDatatypes-2" xmlns:sac="urn:sunat:names:specification:ubl:peru:schema:xsd:SunatAggregateComponents-1" xmlns:stat="urn:oasis:names:specification:ubl:schema:xsd:DocumentStatusCode-1.0" xmlns:udt="urn:un:unece:uncefact:data:draft:UnqualifiedDataTypesSchemaModule:2">

 <ext:UBLExtensions>
    <ext:UBLExtension>
      <ext:ExtensionContent>
        <sac:AdditionalInformation>
        </sac:AdditionalInformation>                
      </ext:ExtensionContent>
    </ext:UBLExtension>
  
		<ext:UBLExtension>
			<ext:ExtensionContent><ds:Signature Id="SignSUNAT"><ds:SignedInfo><ds:CanonicalizationMethod Algorithm="http://www.w3.org/TR/2001/REC-xml-c14n-20010315"/><ds:SignatureMethod Algorithm="http://www.w3.org/2000/09/xmldsig#rsa-sha1"/><ds:Reference URI=""><ds:Transforms><ds:Transform Algorithm="http://www.w3.org/2000/09/xmldsig#enveloped-signature"/></ds:Transforms><ds:DigestMethod Algorithm="http://www.w3.org/2000/09/xmldsig#sha1"/><ds:DigestValue>/yhehL3fsPLVAYgxo6UPdPvSmi4=</ds:DigestValue></ds:Reference></ds:SignedInfo><ds:SignatureValue>FUhj02C5LwG4h0EtbVZgOtghsMS/PJk2PPvaPjJSfarO4okybLtaZI+N5ikVzS8UchYU62i3Vnes&#13;
CX2/ZB/TGXLRFiMiifurSyvdKWw2h/QdChP2ntlwTXYKoRhKZ8GbyliE+Ol4mpOkjelcRKMkELP2&#13;
dCBQqRwsrgiqR6w6GJqi+lS7dQ3HaiCksAfP9/jmHbgTz4DCdu9Z1rGeioHZGrhmpNM/y3DLYL1J&#13;
FQBSTH66+mp86KTQfh87osbYkzDes3rMiLMN5LakMhgRQZ1HJTeKpD18mkHCL5U0newsW3JqlYNx&#13;
6JE2emgPbS3c8UDdB4g5KXesqhWbyC609vDxHw==</ds:SignatureValue><ds:KeyInfo><ds:X509Data><ds:X509Certificate>MIIFrjCCBJagAwIBAgIIf9Td7Evg0UswDQYJKoZIhvcNAQELBQAwRjEkMCIGA1UEAwwbTGxhbWEu&#13;
cGUgU0hBMjU2IFN0YW5kYXJkIENBMREwDwYDVQQKDAhMTEFNQS5QRTELMAkGA1UEBhMCUEUwHhcN&#13;
MjQwODA5MTYxNTM5WhcNMjcwODA5MTYxNTAwWjCCAVQxKzApBgNVBAkMIkFWLiBHQVJDSUxBU08g&#13;
REUgTEEgVkVHQSBOUk8uIDE0NzIxIjAgBgkqhkiG9w0BCQEWE3JtZXphZ0BzdW5hdC5nb2IucGUx&#13;
QTA/BgNVBAMMOFNVUEVSSU5ULiBOQUMuIERFIEFEVUFOQVMgWSBERSBBRE1JTklTVFJBQ0lPTiBU&#13;
UklCVVRBUklBMRwwGgYDVQQLDBNBR0VOVEUgQVVUT01BVElaQURPMS4wLAYDVQQLDCVWYWxpZGFk&#13;
byBwb3IgQUJDIElERU5USURBRCBESUdJVEFMIEVSMVQwUgYDVQQKDEtTVVBFUklOVEVOREVOQ0lB&#13;
IE5BQ0lPTkFMIERFIEFEVUFOQVMgWSBERSBBRE1JTklTVFJBQ0lPTiBUUklCVVRBUklBIC0gU1VO&#13;
QVQxDTALBgNVBAcMBExJTUExCzAJBgNVBAYTAlBFMIIBIjANBgkqhkiG9w0BAQEFAAOCAQ8AMIIB&#13;
CgKCAQEA1apapJOwMj9tBpgKAgjRwIloUk+xwvQZxc0s/4yl4mDSrc/F/PKZ3QBmKb43fFwivqPU&#13;
vsr68fQTfyLKM14B+xXwlbQ/yh3+87sMyulLhOPmtSOU0PE8Rw0PsmGVxf1L0HPAPc3Gvuhq4Z9D&#13;
x5ByED6s+VppDmncvctlJ/NrzYZCk9H91OinTTPVZrDtbmqnOYra8PaTRoCI9Fmndeo9Oo7esM7K&#13;
VX9f53NEd/mNQqzAOrgSXthFuBZN7zOsGxJ4ZGrVzHSlCH/jFLgObEizHrqisgL1cxKj8QvbGLUj&#13;
NtUuTvR5IY6hwRLCxbliTa84BN10E0jC7hhAnnuEIAFJiwIDAQABo4IBjjCCAYowDAYDVR0TAQH/&#13;
BAIwADAfBgNVHSMEGDAWgBRdiFut62X7/mii5NlvPVdyou8rmTBnBggrBgEFBQcBAQRbMFkwNQYI&#13;
KwYBBQUHMAKGKWh0dHA6Ly9jcnQubGxhbWEucGUvbGxhbWFwZXN0YW5kYXJkY2EuY2VyMCAGCCsG&#13;
AQUFBzABhhRodHRwOi8vb2NzcC5sbGFtYS5wZTAeBgNVHREEFzAVgRNybWV6YWdAc3VuYXQuZ29i&#13;
LnBlMEYGA1UdIAQ/MD0wOwYNKwYBBAGDl3cAAQADATAqMCgGCCsGAQUFBwIBFhxodHRwczovL2xs&#13;
YW1hLnBlL3JlcG9zaXRvcnkvMB0GA1UdJQQWMBQGCCsGAQUFBwMCBggrBgEFBQcDBDA6BgNVHR8E&#13;
MzAxMC+gLaArhilodHRwOi8vY3JsLmxsYW1hLnBlL2xsYW1hcGVzdGFuZGFyZGNhLmNybDAdBgNV&#13;
HQ4EFgQUuRkPCyM25gAu5se9GraC/UO07X8wDgYDVR0PAQH/BAQDAgbAMA0GCSqGSIb3DQEBCwUA&#13;
A4IBAQBC8+YM7moZ7bKYCS+VzJ8wzydSboWeNuAs2CfkhI8hRMQr1r5WZg8pDlroCslF/r6Sjbkr&#13;
juDHcGKJTM2riGEjlOD4CLU9VjOP7Td6CIZyJRLaz63pZYOwE0H0weG/PvYpopDZzJ6AXYzZxwYk&#13;
J03/x/vwaCss9ZvmsEn2E1xtGbnMe9MEsg8oF0ul3uRn8Qy5gF37fM7YKuF/r4iBS5uSvBcA5J2F&#13;
bI/PQls7OgICDyb3W16GeluaT9krY5wQxilJSpGVU++nv5NzmRHkquH3ic2It/KP6MZ9X2tfg6Fh&#13;
pF6JaUz7MSY+J0KnDDcfJlhxgnkgoT5tV3Sr6z5PpQH6</ds:X509Certificate></ds:X509Data></ds:KeyInfo></ds:Signature></ext:ExtensionContent>
		</ext:UBLExtension>
	</ext:UBLExtensions>
	<cbc:UBLVersionID>2.1</cbc:UBLVersionID>
	<cbc:CustomizationID>2.0</cbc:CustomizationID>		
	<cbc:ID>EB01-4</cbc:ID>	
	<cbc:IssueDate>2026-01-09</cbc:IssueDate>
	<cbc:IssueTime>10:41:27.0Z</cbc:IssueTime>
		<cbc:Note languageLocaleID="1000"><![CDATA[SON:  NOVENTA Y TRES Y 60/100  SOLES]]></cbc:Note>
			<cbc:Note><![CDATA[ERROR EN EL RUC DEL CLIENTE]]></cbc:Note>
		<cbc:DocumentCurrencyCode>PEN</cbc:DocumentCurrencyCode>	

	<cac:DiscrepancyResponse>
		<cbc:ReferenceID>EB01 - 278</cbc:ReferenceID>
		<cbc:ResponseCode>01</cbc:ResponseCode>
		<cbc:Description><![CDATA[Anulaci�n de la operaci�n]]></cbc:Description>
	</cac:DiscrepancyResponse>
		
		<cac:BillingReference>
		<cac:InvoiceDocumentReference>
			<cbc:ID>EB01 - 278</cbc:ID>
			<cbc:IssueDate>2026-01-09</cbc:IssueDate>
			<cbc:DocumentTypeCode listAgencyName="PE:SUNAT" listName="Tipo de Documento" listURI="urn:pe:gob:sunat:cpe:see:gem:catalogos:catalogo01">03</cbc:DocumentTypeCode>
			<cbc:DocumentType><![CDATA[ BOLETA DE VENTA ELECTRNICA BSICA ]]></cbc:DocumentType>
		</cac:InvoiceDocumentReference>
	</cac:BillingReference>
	
	<cac:Signature>
		<cbc:ID>EB01-4</cbc:ID>
		<cac:SignatoryParty>
	  	<cac:PartyIdentification>
	  	  <cbc:ID>20131312955</cbc:ID>
	  	</cac:PartyIdentification>
			<cac:PartyName>
				<cbc:Name><![CDATA[ SUNAT ]]></cbc:Name>
			</cac:PartyName>
		</cac:SignatoryParty>
		<cac:DigitalSignatureAttachment>
			<cac:ExternalReference>
				<cbc:URI>SignSUNAT</cbc:URI>
			</cac:ExternalReference>
		</cac:DigitalSignatureAttachment>
	</cac:Signature>

<cac:AccountingSupplierParty>
		<cac:Party>
			<cac:PartyIdentification>
				<cbc:ID schemeAgencyName="PE:SUNAT" schemeID="6" schemeName="Documento de Identidad" schemeURI="urn:pe:gob:sunat:cpe:see:gem:catalogos:catalogo06">10218447312</cbc:ID>
			</cac:PartyIdentification>
			<cac:PartyName>
				<cbc:Name/>
			</cac:PartyName>
			<cac:PartyLegalEntity>
				<cbc:RegistrationName><![CDATA[CAHUANA PAUCAR ANULFA GUILDA]]></cbc:RegistrationName>
				<cac:RegistrationAddress>
					<cbc:AddressTypeCode listAgencyName="PE:SUNAT" listName="Establecimientos anexos">0</cbc:AddressTypeCode>
										<cbc:BuildingNumber/>
										<cbc:CitySubdivisionName>-</cbc:CitySubdivisionName>
					<cbc:CityName><![CDATA[CHINCHA]]></cbc:CityName>
					<cbc:CountrySubentity><![CDATA[ICA]]></cbc:CountrySubentity>
					<cbc:CountrySubentityCode><![CDATA[110207]]></cbc:CountrySubentityCode>
					<cbc:District><![CDATA[PUEBLO NUEVO]]></cbc:District>		
					<cac:AddressLine>
						<cbc:Line><![CDATA[ AV. VICTOR ANDRES BELAUNDE 719 MERCADO DE ABASTOS PUESTO     ]]></cbc:Line>
					</cac:AddressLine>
					<cac:Country>
					  <cbc:IdentificationCode>PE</cbc:IdentificationCode>
					</cac:Country>
				</cac:RegistrationAddress>
			</cac:PartyLegalEntity>			
		</cac:Party>
	</cac:AccountingSupplierParty>
	<cac:AccountingCustomerParty>
		<cac:Party>
			<cac:PartyIdentification>
			<cbc:ID schemeAgencyName="PE:SUNAT" schemeID="-" schemeName="Documento de Identidad" schemeURI="urn:pe:gob:sunat:cpe:see:gem:catalogos:catalogo06">-</cbc:ID>
			</cac:PartyIdentification>
			<cac:PartyLegalEntity>
				<cbc:RegistrationName><![CDATA[CLIENTE VARIOS]]></cbc:RegistrationName>
							</cac:PartyLegalEntity>
		</cac:Party>
	</cac:AccountingCustomerParty>
	
	<cac:TaxTotal>
	   <cbc:TaxAmount currencyID="PEN">0.00</cbc:TaxAmount>
	   			   	           		
						
	   		
																													</cac:TaxTotal>

	
	<cac:LegalMonetaryTotal>
		<cbc:LineExtensionAmount currencyID="PEN">93.60</cbc:LineExtensionAmount>
				<cbc:AllowanceTotalAmount currencyID="PEN">0.00</cbc:AllowanceTotalAmount>
		<cbc:ChargeTotalAmount currencyID="PEN">0.00</cbc:ChargeTotalAmount>
		  		  <cbc:PrepaidAmount currencyID="PEN">0.00</cbc:PrepaidAmount>
		  		
											<cbc:PayableAmount currencyID="PEN">93.60</cbc:PayableAmount>
	</cac:LegalMonetaryTotal>
	
		<cac:CreditNoteLine>
		<cbc:ID>1</cbc:ID>
		    	<cbc:CreditedQuantity unitCode="NIU" unitCodeListAgencyName="United Nations Economic Commission for Europe" unitCodeListID="UN/ECE rec 20">1.00</cbc:CreditedQuantity>		
		<cbc:LineExtensionAmount currencyID="PEN">93.60</cbc:LineExtensionAmount>
		
		<cac:BillingReference>
			<cac:BillingReferenceLine>
				<cbc:ID>1</cbc:ID>
			</cac:BillingReferenceLine>
		</cac:BillingReference>
		
								<cac:PricingReference>
			<cac:AlternativeConditionPrice>
				<cbc:PriceAmount currencyID="PEN">93.60</cbc:PriceAmount>
				<cbc:PriceTypeCode listAgencyName="PE:SUNAT" listName="Tipo de Precio" listURI="urn:pe:gob:sunat:cpe:see:gem:catalogos:catalogo16">01</cbc:PriceTypeCode>
			</cac:AlternativeConditionPrice>
		</cac:PricingReference>
		<!-- TAX Impuestos Item-->
		<cac:TaxTotal>
		  <cbc:TaxAmount currencyID="PEN">0.00</cbc:TaxAmount>
		  <!-- cac:TaxSubtotal -->
		  			
												
						
									
			<!--Excluyentes :: Otro Tributo - Gratuita(Bonificacion) - Exportacion - Onerosa(Bonitificacion) {Gravada, Inafecta, Exonerada} -->
						<cac:TaxSubtotal>
				<cbc:TaxableAmount currencyID="PEN">93.60</cbc:TaxableAmount>				
				<cbc:TaxAmount currencyID="PEN">0.00</cbc:TaxAmount>
				<cac:TaxCategory>
				  <cbc:ID schemeAgencyName="United Nations Economic Commission for Europe" schemeID="UN/ECE 5305" schemeName="Tax Category Identifier">S</cbc:ID>
				  <cbc:Percent>0.00</cbc:Percent>
				  <cbc:TaxExemptionReasonCode listAgencyName="PE:SUNAT" listName="Afectacion del IGV" listURI="urn:pe:gob:sunat:cpe:see:gem:catalogos:catalogo07">10</cbc:TaxExemptionReasonCode>
				  <cac:TaxScheme>
					<cbc:ID schemeAgencyName="PE:SUNAT" schemeID="UN/ECE 5153" schemeName="Codigo de tributos">1000</cbc:ID>
					<cbc:Name>IGV</cbc:Name>
					<cbc:TaxTypeCode>VAT</cbc:TaxTypeCode>
				  </cac:TaxScheme>
				</cac:TaxCategory>
			</cac:TaxSubtotal>
							<!-- /cac:TaxSubtotal -->
		</cac:TaxTotal>		
		
				<cac:Item>
			<cbc:Description><![CDATA[ POR PRESTACION DESERVICIOS BANCARIOS DEL AGENTE MULTIRED CORRESPONDIENTE AL MES DE DICIEMBRE DE 2025 / 04-591-455-139 ]]></cbc:Description>			
			<cac:SellersItemIdentification>
						    				<cbc:ID>0</cbc:ID>
										</cac:SellersItemIdentification>
		</cac:Item>
		
		<cac:Price>
			<cbc:PriceAmount currencyID="PEN">93.60</cbc:PriceAmount>
		</cac:Price>	
		
	</cac:CreditNoteLine>
		
</CreditNote>
